id,start_time,end_time,content,route confidency,time confidency,비고
2,1979-10-17 10:20,1979-10-17 12:05,"10시 20분 학생 700여 명은 스크럼을 짜고 시위를 벌이기 시작하여, 10시 50분 금정국민학교를 거쳐 금강식물원 방면으로 향했다. 시위대는 장전2동사무소 앞을 지
나, 배창공업사(현 장전동금정산 SK뷰아파트 자리) 앞까지 나아가던 중 시경 제2기동대의 공격을 받았다. 시위대는 진압경찰과 격렬하게 접전을 벌이면서 온천사거리에 이르렀는데, 이 과정에는 경찰 3개 중대가 동원되어 학생 6명을 연행했다. 11시 18분 시위대가 온천장 인근에 이르렀을 때, 부산대 구 정문에서 해산되었던 학생들이 합세했다. 11시 30분 시위대는 온천극장 앞에 400여 명, 조흥은행 온천지
점 앞에 300여 명이 집결하여 시위를 벌였다. 하지만 11시 45분 경찰 4개 중대가 출동하여 시위 진압에 나서자, 11시 48분경 시위대는 흩어지기 시작하여, 12시 5분 ‘오후 2시 남포동에서 재집결’할 것을 소리쳐 알렸다.",1,1,
7,1979-10-17 16:00,1979-10-17 17:00, 16시를 전후하여 시청 앞과 남포동， 광복동에서도 학생과 경찰이 공방전 을 벌였다. 여기에 교내시위 이후 도심으로 나온 동아대 학생들로 인해 도심의 학생 수는 더욱 불어났고， 국제시장과 광복동으로 청년 학생들이 몰려들기 시작하면서 시위 분위기는 더욱 달아올랐다.,0.5,0.7,
8,1979-10-17 17:00,1979-10-17 17:55,17시에 시청 앞 육교 주변에 학생 300~400여 명이 모여 들었고， 이후 시위가 벌어지자 양산경찰서 병력이 진압에 나섰다. 시위대는 경찰에 밀 려 17시 55분까지 대부분 광복동 방면으로 흩어졌지만， 100여 명은 시청 앞에 집결 해 있었다,0.7,1,
9,1979-10-17 18:00,1979-10-17 18:30,18시경 부영극장 앞에 동아대생 약 400명이 집결하여 창선동에서 부 평동을 거쳐 대청동까지 구호를 제창하며 행진을 벌였다,0.5,0.7,
10,1979-10-17 18:30,1979-10-17 18:50,18시 30분 구 남포극장 앞에 모인 학생 400명은 “야!”，“모여라!”라는 외침을 신호로 애국가를 부르며 시위대를 형 성했다. 항쟁 이틀째 시위가 본격적으로 시작되는 순간이었다. 이후 시위대는 진압을 피해 흩어졌다 모이기를 반복하면서 도심 곳곳으로 시위를 확장시켜 나갔다...18시 30분경 구 남포극장 앞에서 학생 400여 명이 “독재타도”， “유신철폐”를 외치 며 시위를 시작했다. 북부경찰서와 동부경찰서 중대가 진압에 나서자， 시위대는 광복 동과 충무동 방면으로 200명씩 나뉘어 갈라졌다. 구 남포극장 앞에서 광복동 방면으로 향한 시위대는 시청 건너편인 광복동 입구에 서 300명 규모로 집결했다. 시위대는 경찰의 강력한 저지에 부딪히자 방향을 바꾸어 국제시장을 거쳐 부평동 방향으로 이동했다. 18시 50분 시위대는 부평파출소 부근에 서 300명으로 결집하여 시위를 벌이다가 북부경찰서 중대의 진압으로 흩어졌다. ,0.7,1,
11,1979-10-17 18:30,1979-10-17 18:50,구 남포극장 앞에서 충무동 방면으로 향한 학생 200명은 경찰에 쫓겨 국제시장 등지로 흩어졌다가 18시 40분 부영극장 앞에 다시 모였다. 이들이 400여명으로 증가하자 경찰이 진압에 나섰고 시위대는 다시 충무동 방향으로 달아났다.,0.5,0.5,
13,1979-10-17 19:20,1979-10-17 19:30,하지 만 19시 20분， 다시 400~500명으로 증가했고 부평파출소와 부평시장 밀가루골목 부 근에서 애국가를 부르며 시위했다. 시위대는 경찰의 추격으로 흩어졌으나，,0.5,0.5,
14,1979-10-17 19:21,1979-10-17 19:40,시위대는 경찰의 추격으로 흩어졌으나，이 가운데 100여 명은 19시 21분 보수사거리에서 대청1파출소 방향으로 스크럼을 짜고 “유신철 폐”를 외치며 행진했다. 해운대경찰서 병력이 진압에 나서 15명을 연행하자， 나머지는 용두산공원으로 달아났다. ,1,0.5,
15,1979-10-17 19:40,1979-10-17 20:00,이 가운데 50여 명은 19시 40분， 각목과 돌 등을 들고 “유신철폐”， “독재타도”를 외치며 대청로를 통해 부산우체국으로 행진하다가， 경찰이 진압에 나서 4명을 검거하자 보수사거리 방면으로 흩어졌다,1,0.5,
16,1979-10-17 19:15,1979-10-17 19:25,하지만 19시 15분 300여명이 다시 부영극장 앞에 모여 애국가를 부르며 경찰과 대치했다. 이들은 19시 25분 시경 제1기동대가 진압에 나서자 일부는 부평동 쪽으로 흩어졌으나,0.5,1,
17,1979-10-17 19:15,1979-10-17 19:30,하지만 19시 15분 300여명이 다시 부영극장 앞에 모여 애국가를 부르며 경찰과 대치했다. 이들은 19시 25분 시경 제1기동대가 진압에 나서자 일부는 부평동 쪽으로 흩어졌으나 이 가운데 200여명이 충무동파출소(현 서구청 자리)로 이동하면서 시위는 서구로 확산되었다.,0.7,0.7,
18,1979-10-17 18:40,1979-10-17 18:55,한편 남포동의 시위대가 충무동과 대청로까지 진출한 뒤 얼마 지나지 않아 학생들 이 다시 남포동에 집결하기 시작했다. 18시 40분， 동아대 학생 400여 명이 부영극장 쪽에서 시청 앞으로 나아가자， 중부경찰서， 남부경찰서， 기동2중대 병력이 출동했다.,1,1,
19,1979-10-17 18:50,1979-10-17 19:03,18시 50분， 구 남포극장 앞에는 다시 400여 명이 모여 시위를 벌이다가 19시 3분 동부경찰서 중대의 공격을 받았다. 시위대는 충무동 쪽으로， 또 일부는 광복동을 거쳐 국제시장 방면으로 흩어졌다.376) 흩어졌던 시위대는 신창동，창선동，대청동，부평동 등지에서 다시 집결했다.,0.5,0.5,
20,1979-10-17 18:50,1979-10-17 19:03,18시 50분， 구 남포극장 앞에는 다시 400여 명이 모여 시위를 벌이다가 19시 3분 동부경찰서 중대의 공격을 받았다. 시위대는 충무동 쪽으로， 또 일부는 광복동을 거쳐 국제시장 방면으로 흩어졌다.376) 흩어졌던 시위대는 신창동，창선동，대청동，부평동 등지에서 다시 집결했다.,0.5,0.5,
22,1979-10-17 19:25,1979-10-17 19:40,19시 25분， 창선동 부산전신전화국 인근에는 학생 300여 명이 집결했는데，이들은 1化 길이의 각종 몽등 이를 휴대한 상태였다.377) 19시 25~30분경 군중 50여 명은 경찰의 진압에 맞서 각 목 등을 들고 “유신철폐”를 외치며 보수신호대에서 대청1파출소 쪽으로 내달렸다. 해 운대경찰서 병력이 4명을 체포하자 나머지는 새부산예식장과 보수신호대 쪽으로 흩어 져 달아났다.,0.3,0.5,
24,1979-10-17 19:45,1979-10-17 19:50,19시 45분 부평파출소 앞 밀가루골목 일대에 시위대 500명이 다시 집결하여 시위를 벌이자 양산경찰서와 중부경찰서 중대가 진압에 나섰 고， 시위대는 국제시장으로 안으로 흩어졌다.,0.7,0.5,
27,1979-10-17 20:00,1979-10-17 20:25,20시경...대청동과 보수동 시위에서 흩어졌던 이들도 대청사 거리에서 영선고개로 올랐다. 메리놀병원 방면으로 올라간 200여 명은 길목에 있는 대청2파출소에 돌과 유리병 등을 던져 유리창을 모두 파손하고 경찰 오토바이에 불을 질렀다. 시위대는 코모도호텔 방면으로 진출하여 20시 05분 호텔 앞의 학생 100여 명과 합류했다. 300명의 시위대는 영주동을 따라 대영로에 이르렀고 20시 25분 대 영로를 가로질러 초량 뒷길로 접어들었다. 시위가 동구로 확산되기 시작했다,1,1,
31,1979-10-17 20:05,1979-10-17 20:15,20시 05분 남포동 뒷길의 학 생 100여 명도 시청 방면으로 향했다.,0.7,0.5,
33,1979-10-17 20:30,1979-10-17 21:05,같은 시각 동광파출소 앞에는 시위대 200여 명이 행진을 이어갔다. 이들은 중앙로와 해변로 그리고 동광동 이면도로를 따라 부산역 방면으로 향했다. 이 과정에서 21시 05분， 학생 300여 명은 중부경찰서 앞에 모여 경찰서를 위협했다. 시위대는 기동1중대가 공격에 나서자 물러났다,0.3,1,
40,1979-10-17 21:10,1979-10-17 22:30,시위대는 보수사거리에 이르러 북쪽과 서쪽으로 갈라졌다. 북쪽으로 향한 시위대는 21시 10분， 보수2동사무소 앞에 집결한 후 21시 25분 200여 명 규모를 이루어 흑교 방면으로 진출했다. 21시 30분， 시위대는 흑교파 출소를 공격하기 시작했다. 시위대는 20분 동안이나 돌과 유리병으로 기물을 파손하 여 흑교파출소에 큰 피해를 입혔다. 이후 시위대는 흑교사거리를 넘어 부용사거리를 향하여 서구로 시위를 이어갔다,1,0.5,
41,1979-10-17 21:30,1979-10-17 22:10, 21시 30분경 시위대 500여 명은 남포동 제일예식장 앞에서 남포파출소(현 남포동 부산종합관광안내소 자리)를 향하여 시위를 전개하여， 21시 55분경 남포파출소에 돌을 던지며 공격을 시작했다. 곧이어 시위대는 파출소에 들어가 불을 지르고 저항하는 경 찰관에게 부상을 입혔다. 남포파출소는 시위대와 경찰이 격돌하는 길목에 자리한 탓에 연이를 계속하여 공격을 받았는데 결국 불타고 말았다. 시청을 불과 200여化 앞둔 곳 에서 벌어진 이 사건은 공권력에 대한 시위대의 분노를 생생하게 보여주었다,1,0.5,
42,1979-10-17 21:55,1979-10-17 23:30,21시 55분 중부경찰서 앞에는 수백 명의 시위대가 나타나 돌을 던지기 시작했다. 이들은 20시경 영선고개를 넘어 동부경찰서까지 전진했다가， 방향을 돌려 시청으로 이동하는 중이었다. 시위대는 중앙동으로 접어들면서 규모가 불어 수천 명에 이르렀는데， 시청으로 이동하는 도중 길목에 있던 중부경찰서에 이어 22시경 부산일보사와 부 산MBC방송국(현 다원중앙타워)을 차례로 공격했다. 시위대는 16일에 이어 17일에도 부산 MBC방송국을 공격함으로써 언론에 대한 불신과 분노를 드러냈다. 시청 앞에 이르러 시위대는 경찰과 대대적으로 격돌했다. 시위대가 분산하여 도망치자 경찰은 시위대를 골목 구석까지 추격하여 닥치는 대로 체포해 갔다,1,0.5,
45,1979-10-17 23:15,1979-10-17 23:30,23시 15분에는 보수동 일대의 시위대가 중부산세무서에 이르렀다. 학생 400여 명 으로 구성된 시위대는 중부산세무서에 돌과 유리병을 던지기 시작했다. 이들은 해운대 경찰서 소속 경찰병력이 나타나자 대치하다가 흑교사거리로 향했다. ,1,0.5,
47,1979-10-17 20:30,1979-10-17 21:30,"이들 가운데 약 100명은 20시 30분경 초량1파출소에 돌을 던져 기물을 파손한 뒤 계속 행진하여, 20시 35분경 초량2파출소를 공격했다. 시위대는 초량2파출소의 기물을 닥치는 대로 파괴하고 파출소 앞에 세워둔 경찰 오토바이 2대를 불태웠다. 이어서 시위대는 질주하듯 이동하여 20시 40분경 고관파출소에 이르렀는데, 이 무렵 시위대 규모는 1,000명가량에 달했다. 시위대는 고관파출소의 기물을 파괴하고 파출소 앞에 세워둔 경찰 오토바이 2대에 불을 질러 소실시켰다. 이후 시위대는 동부경찰서 방향으로 이동했다. 20시 50분경 시위대는 부산진역에 집결하여 길 건너편의 동부경찰서를 향해 구호를 외치고 돌멩이와 유리병을 던지며 시위를 벌였다. 동부경찰서는 전투병력 대부분이 시위 진압을 위해 출동하고 소수가 남아 경비를 서고 있었기 때문에 방어조차 어려운 상황이었다. 동부경찰서는 1,000여 명의 시위대를 향해 사과탄을 던지며 방어하면서 지원을 요청했다. 이에 부산시경 2기동대가 동부경찰서로 출동했다.
시위대는 시경 2기동대의 강경진압에 밀려 후퇴하다가, 이 중 400여 명은 간선도로를 따라 600m쯤 떨어진 KBS부산방송국(현 메리츠타워 자리)에 도착했다. 시위대는 후문을 통해 방송국 마당으로 뛰어들어, 돌멩이와 유리병을 투척하고 각목으로 TV 중계차를 파괴했다. 일부는 방송국 내로 들어가 TV와 전화기 등 집기류를 파괴했다.
그 순간 완전무장한 군인들이 수십 대의 군 트럭을 타고 동부경찰서 쪽에서 나타났다. 군대를 목격한 시위대는 당황하여 흩어지기 시작했다. 이때 나타난 군대는 부산지역을 관할 구역으로 하고 있던 제2관구사령부 소속으로, 부산역에 집결하기 위해 부산진역을 통과하던 중이었다. 군대의 출현에 놀라 흩어졌던 시위대는 잠시 후 다시 대오를 수습했다. 그사이 시위대는 더욱 불어나 수천 명에 이르렀고, 이들은 시청을 향해 움직이기 시작했다. 중구에서 동구로 확산된 시위는 다시 중구로 향했다.",0.7,0.5,
49,1979-10-17 20:40,1979-10-17 22:00,"다른 일부는 초장동과 토성동을 거쳐 구덕로를 따라 올라가, 토성초등학교와 부민우체국 부근에서 시위를 전개했다.",0.5,0.3,
50,1979-10-17 20:58,1979-10-17 22:00,"이들 가운데 약 200여 명은 20시 58분 부민동파출소를 공격했다. 서부경찰서에서 파견된 경찰 중대가 시위대 검거에 나서자 시위대는 경찰을 피해 부용사거리로 향했다. 21시 35분~22시, 부용사거리에는 2,000여 명의 대규모 인파가 운집했다",1,1,
51,1979-10-17 21:00,1979-10-17 22:00,대청사거리에서 서진하여 부민사거리를 거쳐 경남도청을 거쳐 온 시위대와...합류하면서 이 일대(부용사거리)는 군중으로 붐볐다,1,1,
52,1979-10-17 21:00,1979-10-17  22:00:00 PM,"흑교사거리를 지나온 시위대는 물론, ",1,0.7,
53,1979-10-17 21:35,1979-10-18 0:05,"이 가운데 500여 명은 ‘서부서로 가자!’라는 외침과 함께 서부경찰서를 향해 왼편으로 나아갔다. 21시 45분 시위대는 비탈진 오르막길을 올라가며 서부경찰서에 돌과 유리병 등을 투석하고 각목을 휘둘렀다. 경찰은 페퍼포그를 앞세우고 사과탄을 던지며 시위대를 분산시킨 뒤 곤봉 등으로 무차별 진압했다. 
이날 마지막까지 시위를 벌인 것은 서부경찰서를 공격한 시위대였다. 이들은 경찰에 밀려 동대신동으로 물러나 시위를 벌이고, 흑교파출소를 습격한 뒤 다시 구덕운동장 쪽으로 이동했다. 이 과정에서 시위대는 500여 명으로 불어났다. 23시 45분경 시위대는 구덕파출소에 돌과 유리병을 투척하여 기물을 파손하고 경찰 오토바이와 방범용 자전거를 불태우는 등 큰 피해를 입혔다. 이들을 진압하기 위해 시경 제1·2기동대와 군병력 1개 중대가 출동했다. 이때 출동한 군병력은 부산지역을 관할 구역으로 하던 제2관구사령부 소속이었다. 군경이 진압에 나서자 시위대는 흩어져 동신파출소로 이동했다. 23시 50분 동신파출소에 이른 시위대는 자정을 넘겨 18일 0시 05분까지 돌을 던지고 각목 등으로 파출소의 기물을 파손했다. ",0.7,1,
54,1979-10-17 21:45,1979-10-17 22:15,부용사거리에서 구덕운동장으로 향한 시위대는 300여 명의 규모를 이루어 구덕실내체육관 앞까지 진출했다. 시위대는 서부경찰서 중대가 진압에 나서자 경찰을 향해 투석하며 격렬하게 대치하다가 해산했다,1,0.5,
55,1979-10-17 21:30,1979-10-17 22:00,"1,000명가량의 시위대는 법원 앞에서 동대신동 방면으로 이동했다. 이들은 “유신철폐”, “독재타도”를 외치며 영주터널까지 약 2~3㎞의 거리에서 시위를 벌였다. 22시 경 시위대가 영주터널 입구에 이르자, 매복해 있던 경찰은 최루탄을 쏘며 시위 진압에 나섰다. 시위대 중 일부는 경찰에 검거되었고 나머지는 흩어져 달아났다.",0.7,1,
57,1979-10-17 23:25, 1979-10-17 11:45:00 PM,"23시 25분, 서구청 앞에 집결한 군중 500여 명은 구청 건물에 돌과 유리병을 투척하여 유리창을 파손했다. 서부경찰서 중대가 출동했지만, 이곳에서도 시위대는 출동 경찰 2명에게 부상을 입히고 서구청의 기물을 파손한 후 해산했다. 이어서 시위대 300여 명이 서구청 옆의 서부경찰서를 공격하기 위해 이동하는 것을 서부경찰서 병력이 나서서 저지하자 시위대는 흩어졌다. 이후 시위대는 서대신3동으로 진출했다. 23시 45분경 시위대 100여 명이 서대신3동사무소 앞에 집결하여 돌을 던져 동사무소 건물 창유리를 모조리 파손하고 달아났다.",0.7,1,
