id,start time,end time,place,number of people,x,y,location_accuracy
1,1979-10-17 18:00,1979-10-17 19:00,광복동,1,14364203.13,4177496.97,0.3
2,1979-10-17 18:00,1979-10-17 19:00,국제시장,2,14363383.08,4177582.69,0.5
3,1979-10-17 18:00,1979-10-17 19:00,남정음식점,2,14363525.8,4177452.79,0.3
4,1979-10-17 18:00,1979-10-17 19:00,남포동,3,14363625.21,4177322.89,0.3
5,1979-10-17 18:00,1979-10-17 19:00,대각사 뒤편~대청신호대,1,14363652.16,4177767.15,0.5
6,1979-10-17 18:00,1979-10-17 19:00,대청동,1,14363455.1,4177861.71,0.3
7,1979-10-17 18:00,1979-10-17 19:00,대청로,1,14363498.4,4177882.03,0.5
8,1979-10-17 18:00,1979-10-17 19:00,부산데파트에서 광복동 방향,1,14364120.51,4177301.46,0.5
9,1979-10-17 18:00,1979-10-17 19:00,부산시청,2,14364209.31,4177272.52,1
10,1979-10-17 18:00,1979-10-17 19:00,부영극장,7,14363446.71,4177207.13,1
11,1979-10-17 18:00,1979-10-17 19:00,부영극장~제일예식장,1,14363561.58,4177227.89,0.7
12,1979-10-17 18:00,1979-10-17 19:00,부평동 아폴로완구점,1,14363072.47,4177409.27,0.3
13,1979-10-17 18:00,1979-10-17 19:00,세명약국,2,14363419.75,4177390.05,1
14,1979-10-17 18:00,1979-10-17 19:00,시청 앞 육교 밑,1,14364265,4177331.3,1
15,1979-10-17 18:00,1979-10-17 19:00,신창동 국제시장,1,14363509.89,4177618.7,0.5
16,1979-10-17 18:00,1979-10-17 19:00,왕자극장,1,14363158.63,4177270.31,1
17,1979-10-17 18:00,1979-10-17 19:00,제일은행,1,14363440.96,4177321.78,0.3
18,1979-10-17 18:00,1979-10-17 19:00,중구청 뒤편 육교 아래,1,14363049.5,4177217.73,1
19,1979-10-17 18:00,1979-10-17 19:00,창선동 한일은행,1,14363683.09,4177480.85,0.3
20,1979-10-17 18:00,1979-10-17 19:00,초량동 가말독서실~동부서,1,14365571.5,4181292.1,0.3
21,1979-10-17 19:00,1979-10-17 20:00,고관 입구~부산진역,1,14365486.7,4181189.6,0.7
22,1979-10-17 19:00,1979-10-17 20:00,광복동[동주여상],1,14363679.11,4177509.56,0.3
23,1979-10-17 19:00,1979-10-17 20:00,광복동~남포동ㆍ자갈치ㆍ국제시장ㆍ부영극장,1,,,0
24,1979-10-17 19:00,1979-10-17 20:00,국제시장 골목~제일극장,1,14363327.41,4177270.09,0.7
25,1979-10-17 19:00,1979-10-17 20:00,국제시장 의류백화점,1,14363417.99,4177665.97,0.5
26,1979-10-17 19:00,1979-10-17 20:00,국제시장 조흥은행 남지점~깡통골목],1,14363383.08,4177582.69,0.5
27,1979-10-17 19:00,1979-10-17 20:00,국제시장,3,14363383.08,4177582.69,0.5
28,1979-10-17 19:00,1979-10-17 20:00,국제시장~대청동신호대~영주동 고개,1,14363341.11,4177897.94,0.5
29,1979-10-17 19:00,1979-10-17 20:00,남포동,6,14363625.21,4177322.89,0.3
30,1979-10-17 19:00,1979-10-17 20:00,대청동 육교 앞~창선동 도로,1,14363313.71,4177608.09,0.5
31,1979-10-17 19:00,1979-10-17 20:00,대청동[제2대청파출소],1,14363659.2,4178180.7,1
32,1979-10-17 19:00,1979-10-17 20:00,대청파출소,1,14363774.55,4177869.88,1
33,1979-10-17 19:00,1979-10-17 20:00,동구 소재 세무서,1,,,0
34,1979-10-17 19:00,1979-10-17 20:00,동명극장,2,14363720.2,4177139.09,1
35,1979-10-17 19:00,1979-10-17 20:00,메리놀병원~국제시장,1,14363375.57,4177883.8,0.7
36,1979-10-17 19:00,1979-10-17 20:00,미 공보원,2,14363702.97,4177871.65,1
37,1979-10-17 19:00,1979-10-17 20:00,부민동[대학병원 앞 개다리거리 방면],1,14362412.8,4177548.7,1
38,1979-10-17 19:00,1979-10-17 20:00,부산전신전화국,1,14363483.82,4177387.4,1
39,1979-10-17 19:00,1979-10-17 20:00,부영극장,1,14363446.71,4177207.13,1
40,1979-10-17 19:00,1979-10-17 20:00,부영극장~남포동 육교,1,14363576.61,4177236.73,1
41,1979-10-17 19:00,1979-10-17 20:00,신창동[기독교백화점],1,14363517.84,4177788.36,0.3
42,1979-10-17 19:00,1979-10-17 20:00,제일예식장(2),2,14363628.3,4177196.52,1
43,1979-10-17 19:00,1979-10-17 20:00,창선동[창선파출소(4),4,14363704.53,4177381.67,1
44,1979-10-17 19:00,1979-10-17 20:00,창선동~미 공보원,1,14363598.26,4177601.91,0.5
45,1979-10-17 19:00,1979-10-17 20:00,초량동[부산진역],1,14365696.5,4181451,1
46,1979-10-17 19:00,1979-10-17 20:00,충무동 육교 부근~대청동 육교 부근,1,14363308.41,4177388.94,0.3
47,1979-10-17 19:00,1979-10-17 20:00,충무동[충무동 육교,1,14363031.82,4177154.33,1
48,1979-10-17 19:00,1979-10-17 20:00,피닉스호텔],1,14363536.4,4177226.79,1
49,1979-10-17 20:00,1979-10-17 21:00,KBS방송국(2),2,14365359.41,4181028.78,1
50,1979-10-17 20:00,1979-10-17 21:00,고관파출소(2),2,14365171.19,4181006.69,1
51,1979-10-17 20:00,1979-10-17 21:00,광복동[미화당백화점],1,14363728.6,4177372.37,1
52,1979-10-17 20:00,1979-10-17 21:00,구문화극장],1,14363580.14,4177378.12,1
53,1979-10-17 20:00,1979-10-17 21:00,국제시장,1,14363383.08,4177582.69,0.3
54,1979-10-17 20:00,1979-10-17 21:00,국제시장 지선 노상],1,14363471.01,4177611.63,0.3
55,1979-10-17 20:00,1979-10-17 21:00,국제신호대,1,,,0
56,1979-10-17 20:00,1979-10-17 21:00,남포동[남포동(3),3,14363779.41,4177178.63,0.3
57,1979-10-17 20:00,1979-10-17 21:00,남포지하도 위,1,14363617.7,4177241.37,0.3
58,1979-10-17 20:00,1979-10-17 21:00,남포지하도~제일예식장,1,14363623,4177202.49,0.5
59,1979-10-17 20:00,1979-10-17 21:00,남포파출소,1,14363812.55,4177182.39,1
60,1979-10-17 20:00,1979-10-17 21:00,대각사(2)],2,14363602.23,4177625.99,1
61,1979-10-17 20:00,1979-10-17 21:00,대청1파출소(2),2,14363774.55,4177869.88,1
62,1979-10-17 20:00,1979-10-17 21:00,대청동[대청동(4),4,14363471.9,4178039.3,0.3
63,1979-10-17 20:00,1979-10-17 21:00,대청사거리(3),3,14363335.36,4177888.44,1
64,1979-10-17 20:00,1979-10-17 21:00,동명극장,1,14363720.2,4177139.09,1
65,1979-10-17 20:00,1979-10-17 21:00,미 공보원 앞~국제시장 도로(11),11,14363581,4177876.7,0.7
66,1979-10-17 20:00,1979-10-17 21:00,미 공보원(5),5,14363702.97,4177871.65,1
67,1979-10-17 20:00,1979-10-17 21:00,미화당백화점~미 공보원,1,14363674.25,4177872.31,1
68,1979-10-17 20:00,1979-10-17 21:00,보수동,1,14362922.2,4178186,0.3
69,1979-10-17 20:00,1979-10-17 21:00,보수파출소~흑교파출소,1,14362833.9,4178315.9,0.5
70,1979-10-17 20:00,1979-10-17 21:00,부민파출소,1,14362564.8,4178269.7,1
71,1979-10-17 20:00,1979-10-17 21:00,부산진역 광장,1,14365696.5,4181451,1
72,1979-10-17 20:00,1979-10-17 21:00,부산진역 앞 육교],1,14365641.7,4181383.8,1
73,1979-10-17 20:00,1979-10-17 21:00,부영극장(5),5,14363446.71,4177207.13,1
74,1979-10-17 20:00,1979-10-17 21:00,부평동[부평동(2),2,14363160.8,4177653.2,0.3
75,1979-10-17 20:00,1979-10-17 21:00,상업은행 대교동지점],1,14364374.41,4176502.07,0.3
76,1979-10-17 20:00,1979-10-17 21:00,서대신동[서부경찰서(2)],2,14361704.1,4178877.7,1
77,1979-10-17 20:00,1979-10-17 21:00,수정동 소라다방,1,14362173.9,4178596.2,0.3
78,1979-10-17 20:00,1979-10-17 21:00,신창동[대성학원(4),4,14363596.93,4177671.5,1
79,1979-10-17 20:00,1979-10-17 21:00,아미동[대학병원 앞,1,14362417.2,4177527.5,1
80,1979-10-17 20:00,1979-10-17 21:00,아미동우체국],1,14362413.3,4177467.6,0.3
81,1979-10-17 20:00,1979-10-17 21:00,영주1파출소~영선고개],1,14364101.1,4178865.6,0.5
82,1979-10-17 20:00,1979-10-17 21:00,영주동[영주터널~코모도호텔,1,14364083.8,4179103.9,1
83,1979-10-17 20:00,1979-10-17 21:00,왕자극장(2),2,14363158.63,4177270.31,1
84,1979-10-17 20:00,1979-10-17 21:00,육교 부근],1,14363544.4,4177227.2,1
85,1979-10-17 20:00,1979-10-17 21:00,자갈치시장 입구],1,14363779.4,4177142.4,0.7
86,1979-10-17 20:00,1979-10-17 21:00,제2대청파출소(4),4,14363652.6,4178171,1
87,1979-10-17 20:00,1979-10-17 21:00,제2초량파출소,1,14364552.2,4180221.1,1
88,1979-10-17 20:00,1979-10-17 21:00,중앙동[중앙동,1,14364286.6,4177547.1,0.3
89,1979-10-17 20:00,1979-10-17 21:00,창선동[창선파출소,1,14363704.53,4177381.67,1
90,1979-10-17 20:00,1979-10-17 21:00,초량동[제1초량파출소,1,14364428.9,4179906.1,1
91,1979-10-17 20:00,1979-10-17 21:00,초량동신호대~부산진역,1,14365500.8,4181216.1,0.7
92,1979-10-17 20:00,1979-10-17 21:00,충무동[충무동(3),3,14362775.6,4177011.6,0.3
93,1979-10-17 20:00,1979-10-17 21:00,충무동파출소(4)],4,14362964.66,4177034.15,1
94,1979-10-17 20:00,1979-10-17 21:00,코모도호텔~영주동터널 입구~초량 뒷길,1,14364054.23,4178941.11,0.7
95,1979-10-17 20:00,1979-10-17 21:00,토성동 한전 앞,1,14362535.2,4177441.1,0.5
96,1979-10-17 20:00,1979-10-17 21:00,피닉스호텔,1,14363536.4,4177226.79,1
97,1979-10-17 20:00,1979-10-17 21:00,현대극장,1,,,0
98,1979-10-17 21:00,1979-10-17 22:00,광복동[광복동(3),3,14364170,4177320.9,0.3
99,1979-10-17 21:00,1979-10-17 22:00,구 남포극장,1,14363622.12,4177275.83,1
100,1979-10-17 21:00,1979-10-17 22:00,구 부산여고(2)],2,14362237.4,4178790.2,1
101,1979-10-17 21:00,1979-10-17 22:00,구덕파출소,1,14362069.9,4179606.3,1
102,1979-10-17 21:00,1979-10-17 22:00,구둣방골목(2)],2,14363428.15,4177476.87,0.5
103,1979-10-17 21:00,1979-10-17 22:00,국제시장,1,14363378.66,4177696.9,0.5
104,1979-10-17 21:00,1979-10-17 22:00,남포동[남포동,1,14363784.27,4177238.28,0.3
105,1979-10-17 21:00,1979-10-17 22:00,남포파출소(5),5,14363816.96,4177185.26,1
106,1979-10-17 21:00,1979-10-17 22:00,대영장],1,,,0
107,1979-10-17 21:00,1979-10-17 22:00,대청동[대청동,1,14363549.7,4177871.2,0.3
108,1979-10-17 21:00,1979-10-17 22:00,대청신호대(3),3,14363335.36,4177888.44,1
109,1979-10-17 21:00,1979-10-17 22:00,대청파출소(3),3,14363774.55,4177869.88,1
110,1979-10-17 21:00,1979-10-17 22:00,동대신동[구덕운동장],1,14361916.19,4179520.58,1
111,1979-10-17 21:00,1979-10-17 22:00,미 공보원 옆 육교 아래,1,14363702.97,4177871.65,1
112,1979-10-17 21:00,1979-10-17 22:00,미 공보원(2),2,14363702.97,4177871.65,1
113,1979-10-17 21:00,1979-10-17 22:00,미화당백화점,1,14363725.95,4177371.49,1
114,1979-10-17 21:00,1979-10-17 22:00,백화당카바레,1,,,0
115,1979-10-17 21:00,1979-10-17 22:00,버스정류소,1,,,0
116,1979-10-17 21:00,1979-10-17 22:00,보수동[책방골목],1,14363128.84,4177932.91,1
117,1979-10-17 21:00,1979-10-17 22:00,보수파출소~흑교파출소,1,14362883.81,4178229.76,0.7
118,1979-10-17 21:00,1979-10-17 22:00,부민동[부민파출소(3),3,14362564.8,4178269.7,1
119,1979-10-17 21:00,1979-10-17 22:00,부산극장~동주여상,1,14363659.23,4177656.7,0.5
120,1979-10-17 21:00,1979-10-17 22:00,부산시청 앞(2),2,14364209.31,4177272.52,1
121,1979-10-17 21:00,1979-10-17 22:00,부산진역(3)],3,14365696.5,4181451,1
122,1979-10-17 21:00,1979-10-17 22:00,부영극장(2),2,14363446.71,4177207.13,1
123,1979-10-17 21:00,1979-10-17 22:00,부전동[태화극장(4)],4,14366841.78,4184896.32,1
124,1979-10-17 21:00,1979-10-17 22:00,부평동,1,14363163.05,4177618.7,0.3
125,1979-10-17 21:00,1979-10-17 22:00,부평파출소(3),3,14363020.35,4177416.27,1
126,1979-10-17 21:00,1979-10-17 22:00,서대신동[서대파출소],1,14362260.5,4178711.5,0.3
127,1979-10-17 21:00,1979-10-17 22:00,수다방,1,,,0
128,1979-10-17 21:00,1979-10-17 22:00,시청 앞 육교 부근(2),2,14364265,4177331.3,1
129,1979-10-17 21:00,1979-10-17 22:00,신창동(4)],4,14363518.28,4177788.36,0.3
130,1979-10-17 21:00,1979-10-17 22:00,신창동[새부산예식장,1,14363678.23,4177520.39,1
131,1979-10-17 21:00,1979-10-17 22:00,영선고개],1,14363509.4,4178073.6,0.7
132,1979-10-17 21:00,1979-10-17 22:00,왕자극장,1,14363158.63,4177270.31,1
133,1979-10-17 21:00,1979-10-17 22:00,왕자극장~부평파출소,1,14363148.03,4177364.2,0.7
134,1979-10-17 21:00,1979-10-17 22:00,육교 부근],1,14363473.22,4177208.67,1
135,1979-10-17 21:00,1979-10-17 22:00,제1대청파출소,1,14363748,4177863.5,1
136,1979-10-17 21:00,1979-10-17 22:00,창선동[창선파출소],2,14363704.53,4177381.67,1
137,1979-10-17 21:00,1979-10-17 22:00,초량동[동부경찰서],1,14365710.23,4181474.59,1
138,1979-10-17 21:00,1979-10-17 22:00,충무동[충무동파출소],3,14362964.66,4177034.15,1
139,1979-10-17 21:00,1979-10-17 22:00,한국은행 부산본부,1,,,0
140,1979-10-17 21:00,1979-10-17 22:00,환영식당,1,,,0
141,1979-10-17 22:00,1979-10-17 23:00,경남상고,1,14361772.15,4179373,1
142,1979-10-17 22:00,1979-10-17 23:00,광복동[미화당백화점],1,14363728.6,4177372.37,1
143,1979-10-17 22:00,1979-10-17 23:00,남포동[남포동],1,14363784.27,4177238.28,0.3
144,1979-10-17 22:00,1979-10-17 23:00,남포지하도 입구,1,14363617.7,4177241.37,0.3
145,1979-10-17 22:00,1979-10-17 23:00,대청동,1,14363626.09,4178055.23,0.3
146,1979-10-17 22:00,1979-10-17 23:00,대청사거리,1,14363335.36,4177888.44,1
147,1979-10-17 22:00,1979-10-17 23:00,동대신동,1,14362221.06,4179553.94,0.3
148,1979-10-17 22:00,1979-10-17 23:00,동명극장,2,14363720.2,4177139.09,1
149,1979-10-17 22:00,1979-10-17 23:00,미 공보원,3,14363702.97,4177871.65,1
150,1979-10-17 22:00,1979-10-17 23:00,미진장호텔,1,,,0
151,1979-10-17 22:00,1979-10-17 23:00,보수동파출소,2,14363019,4177905.7,1
152,1979-10-17 22:00,1979-10-17 23:00,부민동,1,14362429.7,4177850.4,0.3
153,1979-10-17 22:00,1979-10-17 23:00,부용동[부용동신호대],1,14362616.3,4178330.6,0.3
154,1979-10-17 22:00,1979-10-17 23:00,부평동[부평파출소],1,14363020.35,4177416.27,1
155,1979-10-17 22:00,1979-10-17 23:00,서대신동,1,14362082.5,4178644.1,0.3
156,1979-10-17 22:00,1979-10-17 23:00,서대파출소,1,,,0
157,1979-10-17 22:00,1979-10-17 23:00,서부경찰서,10,14361704.1,4178877.7,1
158,1979-10-17 22:00,1979-10-17 23:00,신창동대각사,1,14363609.3,4177613.62,1
159,1979-10-17 22:00,1979-10-17 23:00,옥광가방,1,,,0
160,1979-10-17 22:00,1979-10-17 23:00,왕자극장,1,14363158.63,4177270.31,1
161,1979-10-17 22:00,1979-10-17 23:00,중부산세무서,1,14362869.67,4178250.96,1
162,1979-10-17 22:00,1979-10-17 23:00,창선동[전신전화국],1,14363483.82,4177387.4,1
163,1979-10-17 22:00,1979-10-17 23:00,충무동~부민파출소,1,14362640.1,4177715.5,0.5
164,1979-10-17 22:00,1979-10-17 23:00,충무동파출소,1,14362964.66,4177034.15,1
165,1979-10-17 22:00,1979-10-17 23:00,홍외과,1,,,0
166,1979-10-17 22:00,1979-10-17 23:00,흑교파출소],1,14362732.49,4178448.84,1
167,1979-10-17 23:00,1979-10-18 0:00,광복동[부산시청(2)],2,14364209.31,4177272.52,1
168,1979-10-17 23:00,1979-10-18 0:00,구덕파출소,1,14362069.9,4179606.3,1
169,1979-10-17 23:00,1979-10-18 0:00,구덕파출소,1,14362069.9,4179606.3,1
170,1979-10-17 23:00,1979-10-18 0:00,남포동[부산극장],1,14363409.15,4177330.4,1
171,1979-10-17 23:00,1979-10-18 0:00,대신동~구덕파출소,1,14361780.1,4179425.8,0.5
172,1979-10-17 23:00,1979-10-18 0:00,대청1파출소],1,14363774.55,4177869.88,1
173,1979-10-17 23:00,1979-10-18 0:00,대청동[서화당표구사,1,14363650.1,4178150,0.3
174,1979-10-17 23:00,1979-10-18 0:00,대청동~보수동~동대신동,1,14363173.9,4177892.1,0.3
175,1979-10-17 23:00,1979-10-18 0:00,동대신동[동신파출소(김창우)],1,14362233.43,4179499.37,1
176,1979-10-17 23:00,1979-10-18 0:00,보수동~구덕운동장,1,14362271.4,4178706.5,0.5
177,1979-10-17 23:00,1979-10-18 0:00,부민동[경남도청],1,14362444.6,4178158.4,1
178,1979-10-17 23:00,1979-10-18 0:00,부용동,1,14362163.6,4178524.5,0.3
179,1979-10-17 23:00,1979-10-18 0:00,서구청,1,14361798.53,4178819.72,1
180,1979-10-17 23:00,1979-10-18 0:00,서대신동[서부경찰서(3),3,14361704.1,4178877.7,1
181,1979-10-17 23:00,1979-10-18 0:00,서대신동로터리],1,14361573.3,4178973.1,1
182,1979-10-17 23:00,1979-10-18 0:00,초장동,1,14365079.7,4180783.1,0.3
183,1979-10-17 23:00,1979-10-18 0:00,충무동,1,14362980.1,4177032.8,0.3
184,1979-10-17 23:00,1979-10-18 0:00,흑교파출소~동아대 방면,1,14362635.9,4179047.2,0.3
