id,place,time,content,size,x,y,location_accuracy
5,부영극장,1979-10-17 14:30,14~15시 경찰은 중부경찰서 병력을 동원하여 부영극장 앞에 모인 부산대 학생 29명을 무작정 연행하는 등 시위대의 결집을 사전에 차탄하려 애썼지만,0,14363447.16,4177210.15,1
6,구시민관,1979-10-17 15:45,15시 45분경 학생 80여 명이 집결하여 시청 건너편 구 시민관 앞에서 시위를 벌였 다. 시위는 16시 25분까지 계속되었고， 양산경찰서 경찰병력이 진압에 나선 후에야 끝이 났다.,80,14364188.56,4177317.52,1
12,부영극장,1979-10-17 18:30,같은 시간 부영극장 앞에 모인 학생 150명은 중부경찰서 4개 소대(4/208명)의 공격을 받아 흩어졌다.,150,14363445.17,4177208.39,1
21,신창동 대각사,1979-10-17 19:15,19시 15~30분경 신창동 대각사 앞에서 1，000여 명 규모를 이루어 시위를 벌였다. 이에 동부경찰서 병력이 진압에 나섰다.,1000,14363601.58,4177630.78,1
23,대청사거리,1979-10-17 19:40,19시 40분，학생 100여 명이 대청사거리에 모이자 해운대경찰서 소 대가 나서 10여 명을 연행했다.,100,14363333.61,4177887.49,1
25,부영극장,1979-10-17 20:30,20시 30분 400여 명이 부영극장 앞에， 300여 명이 창선동 부산전신전화국 앞에 각각 모여들었는데， 경찰기동대의 집중적인 최루탄 공격을 받아 일부가 검거되고 나머지는 달아났다.,400,14363447.83,4177196.68,1
26,창선동 부산전신전화국,1979-10-17 20:30,20시 30분 400여 명이 부영극장 앞에， 300여 명이 창선동 부산전신전화국 앞에 각각 모여들었는데， 경찰기동대의 집중적인 최루탄 공격을 받아 일부가 검거되고 나머지는 달아났다.,300,14363552.75,4177380.99,0.7
28,코모도호텔,1979-10-17 20:40,이후에 도 20시 40분 코모도호텔 부근에 200여 명， 21시 05분 40~50명의 시위대가 집결하 는 등， 영주동에 시위대가 산발적으로 존재했지만， 영선고개를 오른 시위대의 주력은 동구로 이동했다,200,14364196.94,4178718.87,1
29,코모도호텔,1979-10-17 21:05,이후에 도 20시 40분 코모도호텔 부근에 200여 명， 21시 05분 40~50명의 시위대가 집결하 는 등， 영주동에 시위대가 산발적으로 존재했지만， 영선고개를 오른 시위대의 주력은 동구로 이동했다,45,14364196.94,4178718.87,1
30,시청 앞 육교주변,1979-10-17 19:45,19시 45분， 시청 앞 육교 주변에 학생 300여 명이 집결했다.,300,14364251.73,4177343.88,1
32,용두산공원 남쪽계단,1979-10-17 20:30,20시 30분， 용두산공원 남쪽 계단에는 200여 명의 시위대가 모여 있었다.,200,14363949.52,4177336.81,0.7
37,부평동 농협경남지부,1979-10-17 21:00,21시경， 국제시장에서는 또 한 무리가 경찰의 봉쇄를 뚫고 서구 쪽으로 이동했다. 이들은 부평동 농협 경남지부 앞에 약 50명， 국제시장 중앙 지점에 약 200명， 보수동 농협 부근에 50명 등으로 모여 있다가， 시경 제2기동대와 중부경찰서 및 동부경찰서 중대와 격돌한 뒤 서쪽으로 이동했다. 시위대는 보수사거리에 이르러 북쪽과 서쪽으로 갈라졌다,50,14363193.09,4177895.96,1
38,국제시장 중앙지점,1979-10-17 21:00,21시경， 국제시장에서는 또 한 무리가 경찰의 봉쇄를 뚫고 서구 쪽으로 이동했다. 이들은 부평동 농협 경남지부 앞에 약 50명， 국제시장 중앙 지점에 약 200명， 보수동 농협 부근에 50명 등으로 모여 있다가， 시경 제2기동대와 중부경찰서 및 동부경찰서 중대와 격돌한 뒤 서쪽으로 이동했다. 시위대는 보수사거리에 이르러 북쪽과 서쪽으로 갈라졌다,200,14363350.67,4177608.81,0.5
39,보수동 농협부근,1979-10-17 21:00,21시경， 국제시장에서는 또 한 무리가 경찰의 봉쇄를 뚫고 서구 쪽으로 이동했다. 이들은 부평동 농협 경남지부 앞에 약 50명， 국제시장 중앙 지점에 약 200명， 보수동 농협 부근에 50명 등으로 모여 있다가， 시경 제2기동대와 중부경찰서 및 동부경찰서 중대와 격돌한 뒤 서쪽으로 이동했다. 시위대는 보수사거리에 이르러 북쪽과 서쪽으로 갈라졌다,50,14362913.2,4178189.7,0.3
43,부산미문화원,1979-10-17 22:15,22시 10분경에는 부산지역 위수부대의 지휘관인 제2관구사령관(소장 정상만) 일행 이 시위 현장에 나타났다. 정상만 사령관은 데모 현장에 직접 나가서 실태를 파악하 라는 김계원 대통령 비서실장의 전화를 받고 현장에 나왔다. 정상만 사령관은 경비교 육단장(준장 최석구)과 함께 부산시경 경무과장의 안내로 경찰 순찰차를 앞세우고 광 복동을 지나 국제시장을 거쳐 대청로에 이르렀다. 일행을 태운 차량이 교통체증으로 부산 미 문화원 앞에서 멈추자， 인근의 시위대 300여 명이 이들을 향해 달려들었다. 시위대는 차량에 유리병과 돌멩이를 던졌고 일부는 각목을 휘두르기도 했다. 사령관， 경무과장， 헌병 등은 모두 피신했지만， 시위대는 차량 위에 올라가 발을 굴려 차의 지 붕을 내려 앉히는 등으로 차량 3대를 모두 파손했다. 미 문화원 앞에서 학생 9명이 출동한 경찰에게 연행되었다,300,14363725.52,4177871.58,1
44,보수파출소,1979-10-17 23:15,22시 15분경 또 한 무리의 시위대가 보수파출소를 습격했다. 시위대는 150여 명으 로 무리를 이루어 돌을 던져 파출소의 출입문과 유리창 및 전화기와 자전거 등을 대 대적으로 파괴하다가 해운대경찰서 1소대 병력이 진압에 나서자 달아났다. 하지만 얼 마 되지 않아 다시 대오를 결집하기 시작하더니， 22시 30분경에는 300명으로 세를 늘려 보수파출소를 포위하고 시위를 벌였다. 또다시 해운대경찰서 병력이 출동하고 나 서야 시위대는 해산했다. 시위대의 이동로에 자리했던 보수파출소는 연이은 시위대 공 격으로 크게 파괴되었다.,225,14363003.48,4177887.48,1
46,흑교파출소,1979-10-17 18:30,같은 시간 부근에 있던 시위대 200여 명은 흑교파출소를 공격했다. 시위대는 파출소에 걸린 박정희의 사진을 끌어내 부수고， 현관문과 유리창 및 국기봉과 전화기 등 집기들을 마구 파손 한 뒤， 파출소에 불을 질렀다. 흑교파출소는 한 차례 시위대의 공격을 받은 지 2시간 도 안 되어 다시 시위대의 공격을 받아 크게 파괴되었다,200,"14362717.11,4178433.62",,1
48,구남포극장,1979-10-17 23:00,"17일 야간시위 초기에 강력한 충돌이 빚어진 곳은 충무동사거리였다. 19시 40분 500여 명의 시위대가 충무동파출소에 나타난 것이다. 이 시위대는 18시 30분 구 남포극장 앞의 시위 이후 경찰에 쫓겨 남포동과 충무동 사이를 오가기를 반복한 끝에, 마침내 돌과 각목으로 충무동파출소를 공격하기 시작했다. 16일에 이은 연이틀의 시위대 공격으로 충무동파출소는 크게 파괴되었고 부상 경찰관이 발생했다. 시위대는 충무동 일대에서 1시간 이상 구호를 외치며 시위를 지속했고, 서부경찰서 중대가 진압에 나선 뒤에야 이동하기 시작했다.",500,14363758.64,4177219.28,1
56,경남도청,1979-10-17 23:00,23시경 또 다른 시위대 300여 명이 경남도청 앞에 모였다. 이들은 돌을 던져 도청 정문의 수위실 등을 부수어 놓았다. 서부경찰서 중대는 도청이 공격받고 있다는 소식에 급히 출동해 왔다. 경남도청 역시 16일에 이어 17일에도 시위대의 습격을 받았다.,300,14362449.5,4178167.57,1
