no,place,time,content,num_arrested,unit_name,suppression_type,x,y,location_accuracy
1,신정문,1979-10-16 10:40,"10시 40분경, 신 정문을 사이에 두고 학생과 경찰의 대치상태가 지속되자 경찰기동대가 학생들을 해산시키기 위해 학교 안으로 진입했다. 최루가스를 뿌리는 검은 지프차를 앞세우고 진압장비를 갖춘 경찰기동대가 학생들을 상대로 대대적인 진압에 나섰다.",,제1경찰기동대,저지선,14369583.96,4195392.9,1
2,구정문,1979-10-16 11:00,"하지만 11시 도서관에 재집결한 시위대가 ‘웅비의 탑’을 거쳐 운동장으로 향할 때, 그 가운데 1,000여 명은 구 정문 쪽으로 나아갔다. 그들은 수위실 창문 등을 통해 가두 진출을 시도하기도 했는데, 그러던 중 일부 시위대가 구 정문의 자물쇠를 깨트리고 문을 열자 일제히 학교 밖으로 뛰쳐나갔다….500명의학생들이 금정초등학교 앞과 인근 주택가의 골목을 통해 금강식물원 쪽으로 진출하는데 성공했다. 이들은 식물원을 거쳐 온천장 방면으로 나아갔다.",,동래경찰서,저지선,14369435.61,4195204.19,1
3,내성교차로,1979-10-16 12:00,온천장으로 진출한 시위대 1진 가운데 150여 명은 부산원예학교（현 동래원예고등 학교）에서 온천동 시외버스 정류장（현 롯데백화점 동래점 자리）을 거쳐 산업도로로 나 갔다. 부산대 구 정문에서 온천장까지 진출한 시위대는 산업도로 중앙을 점거한 채， 구호를 외치고 노래를 부르며 교육대학 방면으로 행진했다. 연도의 행인들과 인근 건 물의 시민들은 시위대에 박수와 함성을 보내며 격려했다. 시위대는 내성교차로에 이르 기 전， 경찰차량의 저지를 받았다. ,,,저지선,14368883.75,4191715.37,1
4,로열맨션,1979-10-16 12:00,"시위대 2진은 산업도로에 이르자 7~8명씩 열을 지어 스크럼을 짜고 가두행진에 돌압했다. 시위대는 노래를 부르고 구호를 외치며 시ㄹ위를 전개했고 도로변의 시민과 버스와 택시의 승객들은 격려했다. 시위대 2진은 12시경 온천장 일대에 이르러 경찰과 맞닥뜨렸다. 
12시경 시위대 1진과 2진이 온천장 일대에 이르렀을 때, 해운대경찰서 병력은 온천로터리와 동래교신호대 사이의 로열맨션(동래구 온천장로20, 현 신화타워아파트) 앞 도로상에 저지선을
구축하고 시위 진압에 나섰다. 이곳에서 다수의 학생이 연행되었고 시위대열은 무너졌다.
12시경
해운대경찰서 병력이 온천동 로열맨션(동래구 온천장로 20, 현 신화타워 자리) 앞의 산업도로상에 저지선을 구축하고, 산업도로를 따라 행진하던 시위대 2진을 진압했다. 이 과정에서 우수헌(부산대 건축공학과 2년) 등 다수의 학생이 체포되어 동래서로 연행되었다.3",다수,해운대경찰서,저지선,14369095.9,4192902.8,1
5,미남로터리,1979-10-16 13:00,"12시 41분 시위대 1진과 합류한 시위대 2진은 원예학교, 금성사(현 럭키동래아파트 자리)를 거쳐 사직동으로 나아가던 중 미남로터리에서 경찰과 충돌했다. 이때 시위대의 규모는 400여 명이었다.",,"부산진경찰서, 제1경찰기동대",저지선,14367966.72,4192187.14,1
6,거제동 육군종합정비창,1979-10-16 13:20,"13시경 미남로터리의 시위대가 사직동 방면으로 이동할 즈음, 차량을 앞세운 시경 제1기동대가 추격해 왔다. 경찰에 쫓겨 후퇴하던 시위대 가운데 250명이 거제동 육군종합정비창(현 부산지방법원 및 검찰청 자리) 앞까지 이르렀을 때, 추격해 온 경찰과 접전이 벌어졌다. 
미남로터리에서는 부산진경찰서 병력과 제1경찰기동대가 진압에 나섰다. 이들은 미남로터리에서 사직동을 거쳐 거제동 군부대 앞(연제구 법원북로 16, 현 현대홈타운 자리)으로 진출한 시위대를 추격하여 강력한 진압 작전을 펼쳤다. 시위대는 대거 연행되었고, 검거를 면한 학생들은 뿔뿔이 흩어졌다
시위대 2진과 시위대 1진이 합류하여 거제동 창신초등학교 부근에 이른13시 20분경, 제1경찰기동대는 주택가 골목으로 달아나는 시위대를 추격하여 조윤제(부산대 상대 1년)와 김제원(부산대 의예과 1년)을 비롯한 다수의 학생을 체포했다.",다수,,진압,14367734.4,4189867.65,1
7,교육대학 앞 삼거리,1979-10-16 13:30,"13시 30분경 시위대는 세병교를 지나 교육대학 앞 삼거리에 이르렀다. 이곳에는 동부경찰서 기동대가 방어선을 구축하고 있었다.
교육대학 앞에서는 동부경찰서 병력이 출동하여 방어선을 구축했다. 시위대가 나타나자 경찰은 도심 방향의 도로를 차단한 채 육교 위에서 최루탄을 퍼붓고 곤봉을 휘둘러 시위를 진압했다. 교육대학 앞 삼거리에서 경찰은 비로소 부산대 학생의 가두시위를 저지하는 데 성공했다. 이 과정에서 최루탄과 곤봉에 의해 많은 학생이 부상을 입고 연행되었다. 그럼에도 경찰은 시위가 도심으로 번지는 것을 막지 못했다. 학생들은 버스를 타고, 또는 백양산을 넘어 도심으로 향했던 것이다.",다수,동부경찰서 기동대,저지선,14369122.2,4190517.3,1
8,부산대 구정문,1979-10-16 13:30,13시 30분경 강호섭(부산대 영문학과 1년)은 부산대 구 정문 부근에서 학생들에게 ‘부산시청 집결’을 전파하다가 잠복근무 중이던 경찰에 의해 체포되었다.,,,연행,14369448.16,4195195.27,1
9,교육대학 앞,1979-10-16 14:00,"14시경 교대 앞의 시위에 참여했던백진현(부산대 독문과 2년), 정수철(부산대 독문과 2년), 김재훈(부산대 영문과 2년)은 시위가 진압된 뒤 인근에서 ‘시청 앞’으로 모일 것을 전파하다가 체포되었다",,,연행,14368965.7,4190466.7,1
10,시청,1979-10-16 15:20,"15시경, 학생들이 곳곳에서 몰려들어 결집하기 시작했다. 15시 미화당백화점(현 ABC마트) 앞에 모인 1,000여 명의 학생시위대는 “유신철폐!”, “언론자유!”를 외치며 시청을 향해 전진했다. 이들은 경찰의 진압에 일시 후퇴했지만 대청동 미문화원으로 진출하는 과정에서 여러 형태의 시위로 분산하여 시위를 전개했다. ",,,진압,14364229.21,4177290.34,1
11,광복동 입구,1979-10-16 15:40,"경찰은 시위대에 맞서 광복동 입구에 방어선을 구축하고 서서히 간격을 좁혀 나갔다. 시경 1기동대와 중부경찰서 2개 소대로 구성된 경찰기동대는 시위대열 속으로 진입하여 곤봉으로 시위대를 구타하고 연행해 갔다. 시위대는 경찰을 피해 창선동 제일은행 방면(서쪽)과 대청동 방면(동북쪽), 두 방향을 큰 갈래로 하여 소규모로 흩어졌다.",,"시경1기동대, 중부경찰서",저지선,14364201.4,4177320.9,0.7
12,남포동 동아백화점과 국제시장 사이,1979-10-16 15:45,"15시 45분, 남포 동 동아백화점（중구 남포길5）과 국제시장 사이에는 시위대 300여 명이 집결하여 경찰 과 대치했다. ",,,저지선,14363442.25,4177393.69,1
13,부산우체국,1979-10-16 16:05,"같은 시각 창선동에서 경찰의 공격을 받은 시위대 가운데 300여 명은 16시 05분, 부산우체국 방향으로 전진하다가 경찰과 대치 끝에 해산했다. ",,,저지선,14363987.84,4177857.46,0.7
14,제1대청파출소,1979-10-16 16:05,"16시 05분 경 제1대청파출소 앞에는 학생과 시민 약 300명이, 창선동 동아데파트 앞에서는 100~200여 명이 모여 구호를 제창하며 시위를 벌였다. 이들은 시경 제2기동대와 서 부경찰서 진압경찰의 공격을 받고 흩어졌다. ",,"시경제2기동대, 서부경찰서",진압,14363838.42,4177869.33,1
15,창선동 동아데파트,1979-10-16 16:05,창선동 동아데파트 앞에서는 100~200여 명이 모여 구호를 제창하며 시위를 벌였다. 이들은 시경 제2기동대와 서 부경찰서 진압경찰의 공격을 받고 흩어졌다. ,,"시경제2기동대, 서부경찰서",진압,14363442.25,4177393.69,1
16,용두산공원,1979-10-16 16:05,이보다 앞선 16시 05분에는 용두산공원에서 초산을 소지한 혐의로 부산대생 4명이 중부경찰서로 연행되었다.,,,연행,14363887.67,4177454.7,0.7
17,동아백화점 앞,1979-10-16 16:10,"16시 10분, 동아백화점 앞에서는 100여 명이 태극기를 흔들고 애국가를 부르며 경찰과 대치했다.",,,저지선,14363457.34,4177391.45,1
18,동아백화점 앞,1979-10-16 16:50,"16시 35분 구 남포극장 앞에 모인 300여 명은 16시 50분 동아백화점 앞으로 행진하면서 “유신철 폐” 구호를 외치다가 경찰의 저지로 흩어졌다.86）16시 50분경 구 남포극장 앞에서 동아백화점 방향으로 향하던 시위대열에서 이를 주동한 시민 2명과 학생, 주부 등이 창선파출소로 연행되었다",4,,저지선,14363454.48,4177390.94,1
19,동신파출소,1979-10-16 16:10,"15시 45분 100여 명의 시위대는 보수파출소 앞에서 스크럼을 짜고 흑교 방향으로 나아갔는데, 흑교에서 300여 명이 가세했다. 시위대 400여 명은 흑교파출소 앞을 통과해 동아대 （구덕캠퍼스） 방향으로 행진하여 동대신3동의 동신파출소 앞까지 이르렀고, 16시 10 분까지 대오를 유지했다. 서부경찰서 병력 1/52명87）이 출동하여 진압에 나섰고，시위 대는 경찰과 대치하다",,서부경찰서(1/52),진압,14362247.46,4179529.16,1
20,남포동 왕자극장 방면,1979-10-16 17:10,동신파출소에서 흩어진 400여 명은 17시 10분， 흑교 앞에서 재집결하여 남포동 왕 자극장 방향으로 행진했다. 경찰이 막아서자 시위대는 국제시장 골목으로 방향을 바꾸 고 “유신철폐” 구호를 제창하면서 경찰과 대치했다. ,,,저지선,14363003.32,4177624.23,0.5
21,남포동 제일예식장,1979-10-16 18:24,17시 50분 시위대는 ‘우리의 소 원’을 부르며 국제시장을 나와 보수파출소 앞을 통과하여 법원 방향으로 행진했다. 이 후 시위대는 대학병원， 한전 부산지점， 부산전화국을 거쳐 국제시장을 경유하여 광복 동 거리로 나왔다. 이들은 18시 24분 남포동 제일예식장 앞에 집결하여 구호를 외치 며 행진하다가 시경 제2기동 중대와 중부경찰서 중대가 진압에 나서자 흩어졌다.89） ,,"제2기동대, 중부경찰서",진압,14363631.98,4177192.14,1
22,국제시장골목,1979-10-16 18:00,이들과는 별개로 17시에 동아데파트 앞에 재집결한 400명은 다시 동대신동으로 이 동하여 동대신파출소를 경유， 18시에 국제시장 골목까지 진출했으나 경찰의 공격을 받고 흩어졌다. ,,,진압,14363384.42,4177607.14,0.5
23,부민교(흑교),1979-10-16 18:20,17시 56분에는 500여 명의 시위 군중이 중구청（현 도3국민은행 자갈 치역지점）， 충무동로터리를 거쳐 부민파출소 앞으로 행진하다가 부민교（흑교）에서 서부 경찰서 중대의 저지를 받아 해산했다.90）,,,저지선,14362702.21,4178487.07,1
24,미화당백화점 골목,1979-10-16 18:00,"비슷한 시각 최양동(부산대 건축공학과 2년)은 미화당백화점 골목에서 경찰에 검거되어, 정경우(부산대 의예과 2년) 및 부산대 1학년 6명과 함께 영도경찰서로 연행되었다.",7,,연행,14363753.62,4177389.26,0.7
25,반도호텔,1979-10-16 19:00,시위대는 동광동을 거 쳐 반도호텔로 향하던 중 경찰의 공격을 받고 흩어졌지만， 19시 반도호텔 앞에 집결 하여 중부경찰서 앞까지 행진했다.,,,진압,14364181.39,4178155.03,0.5
26,창선파출소,1979-10-16 19:43,"이들은 대청로를 따라가다가 광복로로 접어들어， 대각사를 거쳐 창선파출소까지， 구호를 외치며 19시 43분까지 시위를 진행 했다. 시위대는 중부경찰서, 부산진경찰서, 양산경찰서의 중대 병력이 진압에 나서서 해산했다.",,"중부경찰서, 부산진경찰서, 양산경찰서",진압,14363695.56,4177425.48,1
27,피닉스호텔,1979-10-16 20:10,19시 40분， 부영극장 앞 300명의 시위대는 시청 방면으로 진출하다가 피닉스호텔 앞의 노상에서 경찰과 정면으로 충돌했다. 시위는 30분 이상 계속되었으나， 결국 시위대는 후퇴하여 부영극장 주변으로 흩어졌다. ,,,진압,14363540.28,4177246.15,1
28,동광동 부산데파트,1979-10-16 20:55,"20시 25분, 신창동 대각사와 대성학원 일대에 모인 학생과 군중 가운데 200명은 대청로를 따라 부산우체국으로 향했고,.. 부산우체국으로 향한 시위대는 중앙로를 거쳐 동광동 부산데파트까지 진출했다. 이들은 “독재타도”, “박정희 물러가라”는 구호를 외치며 시위를 전개하다가 시경 1기동대의 공격을 받고 흩어졌다. ",,제1기동대,진압,14364284.82,4177403.77,1
29,창선파출소,1979-10-16 20:45,"다른 100~200명은 광복중앙로를 따라 창선동으로 이동했다. 광복중앙로를 따라 창선동으로 이동한 시위대는 대각사 부근에 있던 중부경찰서 병력 수송차량(외환은행 부산지점 통근버스)를 공격했다. 돌을 던져 유리창을 깨트리고 차체를 반파했으며, 중부서 경감 송필행 외 6명에게 중경상을 가했다. 이들은 창선파출소를 거쳐 부영극장 앞으로 시위를 전개하던 중, 경찰이 최루탄을 발사하며 진압에 나서자 흩어져 달아났다.",,,진압,14363692.82,4177399.48,0.7
30,남포극장앞 육교,1979-10-16 20:50,20시 50분경 구 남포극장 앞 육교 옆에 세워둔 부산진경찰서 소속 경찰차량과 병력 수송용 트럭에 방화한 혐의로 김오영과 홍종관이 검거되었다.,2,,연행,14363600.59,4177242.4,0.7
31,부영극장,1979-10-16 20:55,"다른 100~200명은 광복중앙로를 따라 창선동으로 이동했다. 광복중앙로를 따라 창선동으로 이동한 시위대는 대각사 부근에 있던 중부경찰서 병력 수송차량(외환은행 부산지점 통근버스)를 공격했다. 돌을 던져 유리창을 깨트리고 차체를 반파했으며, 중부서 경감 송필행 외 6명에게 중경상을 가했다. 이들은 창선파출소를 거쳐 부영극장 앞으로 시위를 전개하던 중, 경찰이 최루탄을 발사하며 진압에 나서자 흩어져 달아났다.",,,진압,14363502.83,4177215.9,0.7
32,자갈치교차로,1979-10-16 21:00,"남포동과 창선동에서 서쪽 방향으로 이동한 시위대는 자갈치교차로와 부평시장 남쪽 길을 따라 충무동, 부평동을 지나 서구 방면으로 나아갔다. 이들은 보수대로를 따라 북진하다가, 부평교차로에서 아미동 부산대 병원 방면과 흑교로 방면으로 갈라졌다. 전자의 시위대는 초장동, 완월동, 아미동을 거쳐 부산대 병원으로 향했다. 부산대 병원, 도청으로 향했던 시위대 역시 계속 전진하며 구덕운동장 방면으로 나아갔다. 시위대는 이동하는 도중 국제시장에서 보수사거리 방면으로 향한 시위대와 합류하면서 시위를 이어갔다. 시위대는 자갈치교차로, 보수대로, 부평교차로, 부평시장, 부산대 병원 앞, 부민사거리, 보수사거리, 중부세무서 앞, 흑교사거리, 부용사거리, 구덕운동장 삼거리 등에서 경찰과 충돌했다. 이 과정에서 일부가 체포·연행되고, 대열은 이합집산을 거듭했다.",,,진압,14363079.56,4177078.93,1
33,보수대로,1979-10-16 21:10,"남포동과 창선동에서 서쪽 방향으로 이동한 시위대는 자갈치교차로와 부평시장 남쪽 길을 따라 충무동, 부평동을 지나 서구 방면으로 나아갔다. 이들은 보수대로를 따라 북진하다가, 부평교차로에서 아미동 부산대 병원 방면과 흑교로 방면으로 갈라졌다. 전자의 시위대는 초장동, 완월동, 아미동을 거쳐 부산대 병원으로 향했다. 부산대 병원, 도청으로 향했던 시위대 역시 계속 전진하며 구덕운동장 방면으로 나아갔다. 시위대는 이동하는 도중 국제시장에서 보수사거리 방면으로 향한 시위대와 합류하면서 시위를 이어갔다. 시위대는 자갈치교차로, 보수대로, 부평교차로, 부평시장, 부산대 병원 앞, 부민사거리, 보수사거리, 중부세무서 앞, 흑교사거리, 부용사거리, 구덕운동장 삼거리 등에서 경찰과 충돌했다. 이 과정에서 일부가 체포·연행되고, 대열은 이합집산을 거듭했다",,,진압,14363022.12,4177256.55,0.5
34,부평교차로,1979-10-16 21:20,"남포동과 창선동에서 서쪽 방향으로 이동한 시위대는 자갈치교차로와 부평시장 남쪽 길을 따라 충무동, 부평동을 지나 서구 방면으로 나아갔다. 이들은 보수대로를 따라 북진하다가, 부평교차로에서 아미동 부산대 병원 방면과 흑교로 방면으로 갈라졌다. 전자의 시위대는 초장동, 완월동, 아미동을 거쳐 부산대 병원으로 향했다. 부산대 병원, 도청으로 향했던 시위대 역시 계속 전진하며 구덕운동장 방면으로 나아갔다. 시위대는 이동하는 도중 국제시장에서 보수사거리 방면으로 향한 시위대와 합류하면서 시위를 이어갔다. 시위대는 자갈치교차로, 보수대로, 부평교차로, 부평시장, 부산대 병원 앞, 부민사거리, 보수사거리, 중부세무서 앞, 흑교사거리, 부용사거리, 구덕운동장 삼거리 등에서 경찰과 충돌했다. 이 과정에서 일부가 체포·연행되고, 대열은 이합집산을 거듭했다",,,진압,14362966.45,4177425.33,1
35,부평시장,1979-10-16 21:25,"남포동과 창선동에서 서쪽 방향으로 이동한 시위대는 자갈치교차로와 부평시장 남쪽 길을 따라 충무동, 부평동을 지나 서구 방면으로 나아갔다. 이들은 보수대로를 따라 북진하다가, 부평교차로에서 아미동 부산대 병원 방면과 흑교로 방면으로 갈라졌다. 전자의 시위대는 초장동, 완월동, 아미동을 거쳐 부산대 병원으로 향했다. 부산대 병원, 도청으로 향했던 시위대 역시 계속 전진하며 구덕운동장 방면으로 나아갔다. 시위대는 이동하는 도중 국제시장에서 보수사거리 방면으로 향한 시위대와 합류하면서 시위를 이어갔다. 시위대는 자갈치교차로, 보수대로, 부평교차로, 부평시장, 부산대 병원 앞, 부민사거리, 보수사거리, 중부세무서 앞, 흑교사거리, 부용사거리, 구덕운동장 삼거리 등에서 경찰과 충돌했다. 이 과정에서 일부가 체포·연행되고, 대열은 이합집산을 거듭했다",,,진압,14363154.4,4177253,0.5
36,부산대병원,1979-10-16 21:30,"남포동과 창선동에서 서쪽 방향으로 이동한 시위대는 자갈치교차로와 부평시장 남쪽 길을 따라 충무동, 부평동을 지나 서구 방면으로 나아갔다. 이들은 보수대로를 따라 북진하다가, 부평교차로에서 아미동 부산대 병원 방면과 흑교로 방면으로 갈라졌다. 전자의 시위대는 초장동, 완월동, 아미동을 거쳐 부산대 병원으로 향했다. 부산대 병원, 도청으로 향했던 시위대 역시 계속 전진하며 구덕운동장 방면으로 나아갔다. 시위대는 이동하는 도중 국제시장에서 보수사거리 방면으로 향한 시위대와 합류하면서 시위를 이어갔다.시위대는 자갈치교차로, 보수대로, 부평교차로, 부평시장, 부산대 병원 앞, 부민사거리, 보수사거리, 중부세무서 앞, 흑교사거리, 부용사거리, 구덕운동장 삼거리 등에서 경찰과 충돌했다. 이 과정에서 일부가 체포·연행되고, 대열은 이합집산을 거듭했다",,,진압,14362415.04,4177541.09,1
37,부민사거리,1979-10-16 21:35,"남포동과 창선동에서 서쪽 방향으로 이동한 시위대는 자갈치교차로와 부평시장 남쪽 길을 따라 충무동, 부평동을 지나 서구 방면으로 나아갔다. 이들은 보수대로를 따라 북진하다가, 부평교차로에서 아미동 부산대 병원 방면과 흑교로 방면으로 갈라졌다. 전자의 시위대는 초장동, 완월동, 아미동을 거쳐 부산대 병원으로 향했다. 부산대 병원, 도청으로 향했던 시위대 역시 계속 전진하며 구덕운동장 방면으로 나아갔다. 시위대는 이동하는 도중 국제시장에서 보수사거리 방면으로 향한 시위대와 합류하면서 시위를 이어갔다.시위대는 자갈치교차로, 보수대로, 부평교차로, 부평시장, 부산대 병원 앞, 부민사거리, 보수사거리, 중부세무서 앞, 흑교사거리, 부용사거리, 구덕운동장 삼거리 등에서 경찰과 충돌했다. 이 과정에서 일부가 체포·연행되고, 대열은 이합집산을 거듭했다",,,진압,14362437.88,4177928.79,1
38,보수사거리,1979-10-16 21:40,"남포동과 창선동에서 서쪽 방향으로 이동한 시위대는 자갈치교차로와 부평시장 남쪽 길을 따라 충무동, 부평동을 지나 서구 방면으로 나아갔다. 이들은 보수대로를 따라 북진하다가, 부평교차로에서 아미동 부산대 병원 방면과 흑교로 방면으로 갈라졌다. 전자의 시위대는 초장동, 완월동, 아미동을 거쳐 부산대 병원으로 향했다. 부산대 병원, 도청으로 향했던 시위대 역시 계속 전진하며 구덕운동장 방면으로 나아갔다. 시위대는 이동하는 도중 국제시장에서 보수사거리 방면으로 향한 시위대와 합류하면서 시위를 이어갔다.시위대는 자갈치교차로, 보수대로, 부평교차로, 부평시장, 부산대 병원 앞, 부민사거리, 보수사거리, 중부세무서 앞, 흑교사거리, 부용사거리, 구덕운동장 삼거리 등에서 경찰과 충돌했다. 이 과정에서 일부가 체포·연행되고, 대열은 이합집산을 거듭했다",,,진압,14362593.12,4178261.98,1
39,부용사거리,1979-10-16 21:50,"남포동과 창선동에서 서쪽 방향으로 이동한 시위대는 자갈치교차로와 부평시장 남쪽 길을 따라 충무동, 부평동을 지나 서구 방면으로 나아갔다. 이들은 보수대로를 따라 북진하다가, 부평교차로에서 아미동 부산대 병원 방면과 흑교로 방면으로 갈라졌다. 전자의 시위대는 초장동, 완월동, 아미동을 거쳐 부산대 병원으로 향했다. 부산대 병원, 도청으로 향했던 시위대 역시 계속 전진하며 구덕운동장 방면으로 나아갔다. 시위대는 이동하는 도중 국제시장에서 보수사거리 방면으로 향한 시위대와 합류하면서 시위를 이어갔다.시위대는 자갈치교차로, 보수대로, 부평교차로, 부평시장, 부산대 병원 앞, 부민사거리, 보수사거리, 중부세무서 앞, 흑교사거리, 부용사거리, 구덕운동장 삼거리 등에서 경찰과 충돌했다. 이 과정에서 일부가 체포·연행되고, 대열은 이합집산을 거듭했다",,,진압,14362464.52,4178520.64,1
40,구덕운동장,1979-10-16 22:00,"남포동과 창선동에서 서쪽 방향으로 이동한 시위대는 자갈치교차로와 부평시장 남쪽 길을 따라 충무동, 부평동을 지나 서구 방면으로 나아갔다. 이들은 보수대로를 따라 북진하다가, 부평교차로에서 아미동 부산대 병원 방면과 흑교로 방면으로 갈라졌다. 전자의 시위대는 초장동, 완월동, 아미동을 거쳐 부산대 병원으로 향했다. 부산대 병원, 도청으로 향했던 시위대 역시 계속 전진하며 구덕운동장 방면으로 나아갔다. 시위대는 이동하는 도중 국제시장에서 보수사거리 방면으로 향한 시위대와 합류하면서 시위를 이어갔다.",,,진압,14361905.2,4179525.4,1
41,중부세무서,1979-10-16 21:15,다른 일부는 중부세무서를 거쳐 구덕운동장 삼거리로 이동했다. ,,,진압,14362895.75,4178207.82,1
42,흑교사거리,1979-10-16 21:30,다른 일부는 중부세무서를 거쳐 구덕운동장 삼거리로 이동했다. ,,,진압,14362703.11,4178501.2,1
43,구덕운동장 삼거리,1979-10-16 21:59,다른 일부는 중부세무서를 거쳐 구덕운동장 삼거리로 이동했다. ,,,진압,14361907.8,4179521.8,1
